edges,edge_labels,query_edge,query_label,story_id
"[(0, 0), (1, 1), (2, 2), (3, 3), (4, 4), (0, 3), (0, 4), (1, 4), (2, 4), (2, 2), (3, 3), (3, 3), (2, 2), (1, 1), (0, 0), (1, 2), (2, 2)]","['is_person', 'is_person', 'is_person', 'is_person', 'is_place', 'living_in_same_place', 'living_in', 'living_in', 'living_in', 'no_sisters', 'no_sons', 'is_underage', 'is_underage', 'is_female', 'is_underage', 'living_in_same_place', 'is_female']","(3, 0)",['living_in_same_place'],0
"[(0, 0), (1, 1), (2, 2), (3, 3), (4, 4), (0, 3), (0, 4), (1, 4), (2, 4), (2, 2), (3, 3), (3, 3), (2, 2), (1, 1), (0, 0), (1, 2), (2, 2)]","['is_person', 'is_person', 'is_person', 'is_person', 'is_place', 'living_in_same_place', 'living_in', 'living_in', 'living_in', 'no_sisters', 'no_sons', 'is_underage', 'is_underage', 'is_female', 'is_underage', 'living_in_same_place', 'is_female']","(2, 1)",['living_in_same_place'],0
"[(0, 0), (1, 1), (2, 2), (3, 3), (4, 4), (0, 3), (0, 4), (1, 4), (2, 4), (2, 2), (3, 3), (3, 3), (2, 2), (1, 1), (0, 0), (1, 2), (2, 2)]","['is_person', 'is_person', 'is_person', 'is_person', 'is_place', 'living_in_same_place', 'living_in', 'living_in', 'living_in', 'no_sisters', 'no_sons', 'is_underage', 'is_underage', 'is_female', 'is_underage', 'living_in_same_place', 'is_female']","(3, 4)",['living_in'],0
"[(0, 0), (1, 1), (2, 2), (3, 3), (4, 4), (5, 5), (0, 5), (4, 4), (1, 5), (0, 0), (2, 2), (3, 3), (3, 4), (1, 1), (1, 2), (4, 4), (0, 0), (4, 4), (0, 1), (3, 2), (4, 2), (2, 5)]","['is_person', 'is_person', 'is_person', 'is_person', 'is_person', 'is_place', 'living_in', 'is_female', 'living_in', 'is_female', 'no_brothers', 'no_sons', 'living_in_same_place', 'is_underage', 'living_in_same_place', 'no_sons', 'is_underage', 'is_underage', 'niece_of', 'living_in_same_place', 'living_in_same_place', 'paternal_uncle_of']","(2, 4)",['living_in_same_place'],1
"[(0, 0), (1, 1), (2, 2), (3, 3), (4, 4), (5, 5), (0, 5), (4, 4), (1, 5), (0, 0), (2, 2), (3, 3), (3, 4), (1, 1), (1, 2), (4, 4), (0, 0), (4, 4), (0, 1), (3, 2), (4, 2), (2, 5)]","['is_person', 'is_person', 'is_person', 'is_person', 'is_person', 'is_place', 'living_in', 'is_female', 'living_in', 'is_female', 'no_brothers', 'no_sons', 'living_in_same_place', 'is_underage', 'living_in_same_place', 'no_sons', 'is_underage', 'is_underage', 'niece_of', 'living_in_same_place', 'living_in_same_place', 'paternal_uncle_of']","(2, 1)",['living_in_same_place'],1
"[(0, 0), (1, 1), (2, 2), (3, 3), (4, 4), (5, 5), (0, 5), (4, 4), (1, 5), (0, 0), (2, 2), (3, 3), (3, 4), (1, 1), (1, 2), (4, 4), (0, 0), (4, 4), (0, 1), (3, 2), (4, 2), (2, 5)]","['is_person', 'is_person', 'is_person', 'is_person', 'is_person', 'is_place', 'living_in', 'is_female', 'living_in', 'is_female', 'no_brothers', 'no_sons', 'living_in_same_place', 'is_underage', 'living_in_same_place', 'no_sons', 'is_underage', 'is_underage', 'niece_of', 'living_in_same_place', 'living_in_same_place', 'paternal_uncle_of']","(2, 5)","['paternal_uncle_of', 'living_in']",1
"[(0, 0), (1, 1), (2, 2), (3, 3), (4, 4), (5, 5), (0, 5), (4, 4), (1, 5), (0, 0), (2, 2), (3, 3), (3, 4), (1, 1), (1, 2), (4, 4), (0, 0), (4, 4), (0, 1), (3, 2), (4, 2), (2, 5)]","['is_person', 'is_person', 'is_person', 'is_person', 'is_person', 'is_place', 'living_in', 'is_female', 'living_in', 'is_female', 'no_brothers', 'no_sons', 'living_in_same_place', 'is_underage', 'living_in_same_place', 'no_sons', 'is_underage', 'is_underage', 'niece_of', 'living_in_same_place', 'living_in_same_place', 'paternal_uncle_of']","(3, 5)",['living_in'],1
"[(0, 0), (1, 1), (2, 2), (3, 3), (4, 4), (5, 5), (0, 5), (4, 4), (1, 5), (0, 0), (2, 2), (3, 3), (3, 4), (1, 1), (1, 2), (4, 4), (0, 0), (4, 4), (0, 1), (3, 2), (4, 2), (2, 5)]","['is_person', 'is_person', 'is_person', 'is_person', 'is_person', 'is_place', 'living_in', 'is_female', 'living_in', 'is_female', 'no_brothers', 'no_sons', 'living_in_same_place', 'is_underage', 'living_in_same_place', 'no_sons', 'is_underage', 'is_underage', 'niece_of', 'living_in_same_place', 'living_in_same_place', 'paternal_uncle_of']","(4, 5)",['living_in'],1
"[(0, 0), (1, 1), (2, 2), (3, 3), (4, 4), (5, 5), (0, 5), (4, 4), (1, 5), (0, 0), (2, 2), (3, 3), (3, 4), (1, 1), (1, 2), (4, 4), (0, 0), (4, 4), (0, 1), (3, 2), (4, 2), (2, 5)]","['is_person', 'is_person', 'is_person', 'is_person', 'is_person', 'is_place', 'living_in', 'is_female', 'living_in', 'is_female', 'no_brothers', 'no_sons', 'living_in_same_place', 'is_underage', 'living_in_same_place', 'no_sons', 'is_underage', 'is_underage', 'niece_of', 'living_in_same_place', 'living_in_same_place', 'paternal_uncle_of']","(0, 1)","['niece_of', 'nibling_of']",1
"[(0, 0), (1, 1), (2, 2), (3, 3), (4, 4), (5, 5), (0, 5), (4, 4), (1, 5), (0, 0), (2, 2), (3, 3), (3, 4), (1, 1), (1, 2), (4, 4), (0, 0), (4, 4), (0, 1), (3, 2), (4, 2), (2, 5)]","['is_person', 'is_person', 'is_person', 'is_person', 'is_person', 'is_place', 'living_in', 'is_female', 'living_in', 'is_female', 'no_brothers', 'no_sons', 'living_in_same_place', 'is_underage', 'living_in_same_place', 'no_sons', 'is_underage', 'is_underage', 'niece_of', 'living_in_same_place', 'living_in_same_place', 'paternal_uncle_of']","(1, 3)",['living_in_same_place'],1
"[(0, 0), (1, 1), (2, 2), (3, 3), (4, 4), (5, 5), (0, 5), (4, 4), (1, 5), (0, 0), (2, 2), (3, 3), (3, 4), (1, 1), (1, 2), (4, 4), (0, 0), (4, 4), (0, 1), (3, 2), (4, 2), (2, 5)]","['is_person', 'is_person', 'is_person', 'is_person', 'is_person', 'is_place', 'living_in', 'is_female', 'living_in', 'is_female', 'no_brothers', 'no_sons', 'living_in_same_place', 'is_underage', 'living_in_same_place', 'no_sons', 'is_underage', 'is_underage', 'niece_of', 'living_in_same_place', 'living_in_same_place', 'paternal_uncle_of']","(1, 0)",['aunt_or_uncle_of'],1
"[(0, 0), (1, 1), (2, 2), (3, 3), (4, 4), (5, 5), (0, 5), (4, 4), (1, 5), (0, 0), (2, 2), (3, 3), (3, 4), (1, 1), (1, 2), (4, 4), (0, 0), (4, 4), (0, 1), (3, 2), (4, 2), (2, 5)]","['is_person', 'is_person', 'is_person', 'is_person', 'is_person', 'is_place', 'living_in', 'is_female', 'living_in', 'is_female', 'no_brothers', 'no_sons', 'living_in_same_place', 'is_underage', 'living_in_same_place', 'no_sons', 'is_underage', 'is_underage', 'niece_of', 'living_in_same_place', 'living_in_same_place', 'paternal_uncle_of']","(1, 4)",['living_in_same_place'],1
"[(0, 0), (1, 1), (2, 2), (3, 3), (4, 4), (5, 5), (0, 5), (4, 4), (1, 5), (0, 0), (2, 2), (3, 3), (3, 4), (1, 1), (1, 2), (4, 4), (0, 0), (4, 4), (0, 1), (3, 2), (4, 2), (2, 5)]","['is_person', 'is_person', 'is_person', 'is_person', 'is_person', 'is_place', 'living_in', 'is_female', 'living_in', 'is_female', 'no_brothers', 'no_sons', 'living_in_same_place', 'is_underage', 'living_in_same_place', 'no_sons', 'is_underage', 'is_underage', 'niece_of', 'living_in_same_place', 'living_in_same_place', 'paternal_uncle_of']","(4, 1)",['living_in_same_place'],1
"[(0, 0), (1, 1), (2, 2), (3, 3), (4, 4), (5, 5), (0, 5), (4, 4), (1, 5), (0, 0), (2, 2), (3, 3), (3, 4), (1, 1), (1, 2), (4, 4), (0, 0), (4, 4), (0, 1), (3, 2), (4, 2), (2, 5)]","['is_person', 'is_person', 'is_person', 'is_person', 'is_person', 'is_place', 'living_in', 'is_female', 'living_in', 'is_female', 'no_brothers', 'no_sons', 'living_in_same_place', 'is_underage', 'living_in_same_place', 'no_sons', 'is_underage', 'is_underage', 'niece_of', 'living_in_same_place', 'living_in_same_place', 'paternal_uncle_of']","(3, 1)",['living_in_same_place'],1
"[(0, 0), (1, 1), (2, 2), (3, 3), (4, 4), (5, 5), (0, 5), (4, 4), (1, 5), (0, 0), (2, 2), (3, 3), (3, 4), (1, 1), (1, 2), (4, 4), (0, 0), (4, 4), (0, 1), (3, 2), (4, 2), (2, 5)]","['is_person', 'is_person', 'is_person', 'is_person', 'is_person', 'is_place', 'living_in', 'is_female', 'living_in', 'is_female', 'no_brothers', 'no_sons', 'living_in_same_place', 'is_underage', 'living_in_same_place', 'no_sons', 'is_underage', 'is_underage', 'niece_of', 'living_in_same_place', 'living_in_same_place', 'paternal_uncle_of']","(2, 3)",['living_in_same_place'],1
"[(0, 0), (1, 1), (2, 2), (3, 3), (4, 4), (5, 5), (0, 5), (4, 4), (1, 5), (0, 0), (2, 2), (3, 3), (3, 4), (1, 1), (1, 2), (4, 4), (0, 0), (4, 4), (0, 1), (3, 2), (4, 2), (2, 5)]","['is_person', 'is_person', 'is_person', 'is_person', 'is_person', 'is_place', 'living_in', 'is_female', 'living_in', 'is_female', 'no_brothers', 'no_sons', 'living_in_same_place', 'is_underage', 'living_in_same_place', 'no_sons', 'is_underage', 'is_underage', 'niece_of', 'living_in_same_place', 'living_in_same_place', 'paternal_uncle_of']","(4, 3)",['living_in_same_place'],1
"[(0, 0), (1, 1), (2, 2), (3, 3), (4, 4), (5, 5), (0, 2), (0, 5), (3, 5), (0, 0), (2, 5), (1, 1), (1, 5), (1, 4), (4, 5), (3, 3), (1, 1), (5, 2), (0, 0), (0, 2), (3, 3), (4, 4)]","['is_person', 'is_person', 'is_person', 'is_person', 'is_person', 'is_place', 'aunt_or_uncle_of', 'living_in', 'living_in', 'is_male', 'living_in', 'is_underage', 'living_in', 'living_in_same_place', 'living_in', 'no_brothers', 'no_sisters', 'paternal_grandparent_of', 'is_underage', 'maternal_uncle_of', 'is_male', 'is_underage']","(0, 2)","['aunt_or_uncle_of', 'maternal_uncle_of', 'uncle_of']",2
"[(0, 0), (1, 1), (2, 2), (3, 3), (4, 4), (5, 5), (0, 2), (0, 5), (3, 5), (0, 0), (2, 5), (1, 1), (1, 5), (1, 4), (4, 5), (3, 3), (1, 1), (5, 2), (0, 0), (0, 2), (3, 3), (4, 4)]","['is_person', 'is_person', 'is_person', 'is_person', 'is_person', 'is_place', 'aunt_or_uncle_of', 'living_in', 'living_in', 'is_male', 'living_in', 'is_underage', 'living_in', 'living_in_same_place', 'living_in', 'no_brothers', 'no_sisters', 'paternal_grandparent_of', 'is_underage', 'maternal_uncle_of', 'is_male', 'is_underage']","(2, 0)",['nibling_of'],2
"[(0, 0), (1, 1), (2, 2), (3, 3), (4, 4), (5, 5), (0, 2), (0, 5), (3, 5), (0, 0), (2, 5), (1, 1), (1, 5), (1, 4), (4, 5), (3, 3), (1, 1), (5, 2), (0, 0), (0, 2), (3, 3), (4, 4)]","['is_person', 'is_person', 'is_person', 'is_person', 'is_person', 'is_place', 'aunt_or_uncle_of', 'living_in', 'living_in', 'is_male', 'living_in', 'is_underage', 'living_in', 'living_in_same_place', 'living_in', 'no_brothers', 'no_sisters', 'paternal_grandparent_of', 'is_underage', 'maternal_uncle_of', 'is_male', 'is_underage']","(4, 1)",['living_in_same_place'],2
"[(0, 0), (1, 1), (2, 2), (3, 3), (4, 4), (5, 5), (0, 5), (4, 0), (4, 5), (3, 0), (4, 4), (1, 5), (3, 1), (1, 1), (0, 0), (1, 1), (4, 4), (3, 5), (0, 0), (2, 2), (0, 0), (0, 3), (0, 2), (4, 4)]","['is_person', 'is_person', 'is_person', 'is_person', 'is_person', 'is_place', 'living_in', 'nibling_of', 'living_in', 'living_in_same_place', 'is_female', 'living_in', 'son_in_law_of', 'is_underage', 'is_underage', 'no_sons', 'is_underage', 'living_in', 'is_female', 'is_underage', 'no_daughters', 'sister_in_law_of', 'school_mates_with', 'no_daughters']","(2, 5)",['living_in'],3
"[(0, 0), (1, 1), (2, 2), (3, 3), (4, 4), (5, 5), (0, 5), (4, 0), (4, 5), (3, 0), (4, 4), (1, 5), (3, 1), (1, 1), (0, 0), (1, 1), (4, 4), (3, 5), (0, 0), (2, 2), (0, 0), (0, 3), (0, 2), (4, 4)]","['is_person', 'is_person', 'is_person', 'is_person', 'is_person', 'is_place', 'living_in', 'nibling_of', 'living_in', 'living_in_same_place', 'is_female', 'living_in', 'son_in_law_of', 'is_underage', 'is_underage', 'no_sons', 'is_underage', 'living_in', 'is_female', 'is_underage', 'no_daughters', 'sister_in_law_of', 'school_mates_with', 'no_daughters']","(3, 1)","['son_in_law_of', 'child_in_law_of']",3
"[(0, 0), (1, 1), (2, 2), (3, 3), (4, 4), (5, 5), (0, 5), (4, 0), (4, 5), (3, 0), (4, 4), (1, 5), (3, 1), (1, 1), (0, 0), (1, 1), (4, 4), (3, 5), (0, 0), (2, 2), (0, 0), (0, 3), (0, 2), (4, 4)]","['is_person', 'is_person', 'is_person', 'is_person', 'is_person', 'is_place', 'living_in', 'nibling_of', 'living_in', 'living_in_same_place', 'is_female', 'living_in', 'son_in_law_of', 'is_underage', 'is_underage', 'no_sons', 'is_underage', 'living_in', 'is_female', 'is_underage', 'no_daughters', 'sister_in_law_of', 'school_mates_with', 'no_daughters']","(2, 0)","['school_mates_with', 'living_in_same_place']",3
"[(0, 0), (1, 1), (2, 2), (3, 3), (4, 4), (5, 5), (0, 5), (4, 0), (4, 5), (3, 0), (4, 4), (1, 5), (3, 1), (1, 1), (0, 0), (1, 1), (4, 4), (3, 5), (0, 0), (2, 2), (0, 0), (0, 3), (0, 2), (4, 4)]","['is_person', 'is_person', 'is_person', 'is_person', 'is_person', 'is_place', 'living_in', 'nibling_of', 'living_in', 'living_in_same_place', 'is_female', 'living_in', 'son_in_law_of', 'is_underage', 'is_underage', 'no_sons', 'is_underage', 'living_in', 'is_female', 'is_underage', 'no_daughters', 'sister_in_law_of', 'school_mates_with', 'no_daughters']","(1, 3)",['parent_in_law_of'],3
"[(0, 0), (1, 1), (2, 2), (3, 3), (4, 4), (5, 5), (0, 5), (4, 0), (4, 5), (3, 0), (4, 4), (1, 5), (3, 1), (1, 1), (0, 0), (1, 1), (4, 4), (3, 5), (0, 0), (2, 2), (0, 0), (0, 3), (0, 2), (4, 4)]","['is_person', 'is_person', 'is_person', 'is_person', 'is_person', 'is_place', 'living_in', 'nibling_of', 'living_in', 'living_in_same_place', 'is_female', 'living_in', 'son_in_law_of', 'is_underage', 'is_underage', 'no_sons', 'is_underage', 'living_in', 'is_female', 'is_underage', 'no_daughters', 'sister_in_law_of', 'school_mates_with', 'no_daughters']","(3, 2)",['living_in_same_place'],3
"[(0, 0), (1, 1), (2, 2), (3, 3), (4, 4), (5, 5), (0, 5), (4, 0), (4, 5), (3, 0), (4, 4), (1, 5), (3, 1), (1, 1), (0, 0), (1, 1), (4, 4), (3, 5), (0, 0), (2, 2), (0, 0), (0, 3), (0, 2), (4, 4)]","['is_person', 'is_person', 'is_person', 'is_person', 'is_person', 'is_place', 'living_in', 'nibling_of', 'living_in', 'living_in_same_place', 'is_female', 'living_in', 'son_in_law_of', 'is_underage', 'is_underage', 'no_sons', 'is_underage', 'living_in', 'is_female', 'is_underage', 'no_daughters', 'sister_in_law_of', 'school_mates_with', 'no_daughters']","(3, 0)","['living_in_same_place', 'brother_in_law_of', 'sibling_in_law_of']",3
"[(0, 0), (1, 1), (2, 2), (3, 3), (4, 4), (5, 5), (0, 5), (4, 0), (4, 5), (3, 0), (4, 4), (1, 5), (3, 1), (1, 1), (0, 0), (1, 1), (4, 4), (3, 5), (0, 0), (2, 2), (0, 0), (0, 3), (0, 2), (4, 4)]","['is_person', 'is_person', 'is_person', 'is_person', 'is_person', 'is_place', 'living_in', 'nibling_of', 'living_in', 'living_in_same_place', 'is_female', 'living_in', 'son_in_law_of', 'is_underage', 'is_underage', 'no_sons', 'is_underage', 'living_in', 'is_female', 'is_underage', 'no_daughters', 'sister_in_law_of', 'school_mates_with', 'no_daughters']","(2, 3)",['living_in_same_place'],3
"[(0, 0), (1, 1), (2, 2), (3, 3), (4, 4), (5, 5), (0, 5), (4, 0), (4, 5), (3, 0), (4, 4), (1, 5), (3, 1), (1, 1), (0, 0), (1, 1), (4, 4), (3, 5), (0, 0), (2, 2), (0, 0), (0, 3), (0, 2), (4, 4)]","['is_person', 'is_person', 'is_person', 'is_person', 'is_person', 'is_place', 'living_in', 'nibling_of', 'living_in', 'living_in_same_place', 'is_female', 'living_in', 'son_in_law_of', 'is_underage', 'is_underage', 'no_sons', 'is_underage', 'living_in', 'is_female', 'is_underage', 'no_daughters', 'sister_in_law_of', 'school_mates_with', 'no_daughters']","(0, 2)","['school_mates_with', 'living_in_same_place']",3
"[(0, 0), (1, 1), (2, 2), (3, 3), (4, 4), (5, 5), (0, 5), (4, 0), (4, 5), (3, 0), (4, 4), (1, 5), (3, 1), (1, 1), (0, 0), (1, 1), (4, 4), (3, 5), (0, 0), (2, 2), (0, 0), (0, 3), (0, 2), (4, 4)]","['is_person', 'is_person', 'is_person', 'is_person', 'is_person', 'is_place', 'living_in', 'nibling_of', 'living_in', 'living_in_same_place', 'is_female', 'living_in', 'son_in_law_of', 'is_underage', 'is_underage', 'no_sons', 'is_underage', 'living_in', 'is_female', 'is_underage', 'no_daughters', 'sister_in_law_of', 'school_mates_with', 'no_daughters']","(4, 0)","['nibling_of', 'niece_of']",3
"[(0, 0), (1, 1), (2, 2), (3, 3), (4, 4), (5, 5), (0, 5), (4, 0), (4, 5), (3, 0), (4, 4), (1, 5), (3, 1), (1, 1), (0, 0), (1, 1), (4, 4), (3, 5), (0, 0), (2, 2), (0, 0), (0, 3), (0, 2), (4, 4)]","['is_person', 'is_person', 'is_person', 'is_person', 'is_person', 'is_place', 'living_in', 'nibling_of', 'living_in', 'living_in_same_place', 'is_female', 'living_in', 'son_in_law_of', 'is_underage', 'is_underage', 'no_sons', 'is_underage', 'living_in', 'is_female', 'is_underage', 'no_daughters', 'sister_in_law_of', 'school_mates_with', 'no_daughters']","(0, 4)","['aunt_of', 'aunt_or_uncle_of']",3
"[(0, 0), (1, 1), (2, 2), (3, 3), (4, 4), (5, 5), (0, 5), (4, 0), (4, 5), (3, 0), (4, 4), (1, 5), (3, 1), (1, 1), (0, 0), (1, 1), (4, 4), (3, 5), (0, 0), (2, 2), (0, 0), (0, 3), (0, 2), (4, 4)]","['is_person', 'is_person', 'is_person', 'is_person', 'is_person', 'is_place', 'living_in', 'nibling_of', 'living_in', 'living_in_same_place', 'is_female', 'living_in', 'son_in_law_of', 'is_underage', 'is_underage', 'no_sons', 'is_underage', 'living_in', 'is_female', 'is_underage', 'no_daughters', 'sister_in_law_of', 'school_mates_with', 'no_daughters']","(0, 3)","['sister_in_law_of', 'sibling_in_law_of', 'living_in_same_place']",3
"[(0, 0), (1, 1), (2, 2), (3, 3), (4, 4), (5, 5), (0, 5), (4, 0), (4, 5), (3, 0), (4, 4), (1, 5), (3, 1), (1, 1), (0, 0), (1, 1), (4, 4), (3, 5), (0, 0), (2, 2), (0, 0), (0, 3), (0, 2), (4, 4)]","['is_person', 'is_person', 'is_person', 'is_person', 'is_person', 'is_place', 'living_in', 'nibling_of', 'living_in', 'living_in_same_place', 'is_female', 'living_in', 'son_in_law_of', 'is_underage', 'is_underage', 'no_sons', 'is_underage', 'living_in', 'is_female', 'is_underage', 'no_daughters', 'sister_in_law_of', 'school_mates_with', 'no_daughters']","(3, 3)",['is_male'],3
"[(0, 0), (1, 1), (2, 2), (3, 3), (4, 4), (5, 5), (6, 6), (7, 7), (2, 7), (2, 6), (3, 3), (0, 7), (4, 4), (0, 0), (4, 4), (1, 1), (1, 7), (6, 6), (2, 2), (6, 6), (0, 0), (5, 5), (1, 2), (5, 7), (0, 4), (5, 5), (3, 3), (4, 3), (0, 5), (5, 6)]","['is_person', 'is_person', 'is_person', 'is_person', 'is_person', 'is_person', 'is_person', 'is_place', 'living_in', 'living_in_same_place', 'no_sisters', 'living_in', 'is_underage', 'is_underage', 'no_sisters', 'is_male', 'living_in', 'is_underage', 'is_underage', 'no_sons', 'no_sons', 'no_brothers', 'living_in_same_place', 'living_in', 'living_in_same_place', 'is_underage', 'is_underage', 'living_in_same_place', 'living_in_same_place', 'living_in_same_place']","(1, 5)",['living_in_same_place'],4
"[(0, 0), (1, 1), (2, 2), (3, 3), (4, 4), (5, 5), (6, 6), (7, 7), (2, 7), (2, 6), (3, 3), (0, 7), (4, 4), (0, 0), (4, 4), (1, 1), (1, 7), (6, 6), (2, 2), (6, 6), (0, 0), (5, 5), (1, 2), (5, 7), (0, 4), (5, 5), (3, 3), (4, 3), (0, 5), (5, 6)]","['is_person', 'is_person', 'is_person', 'is_person', 'is_person', 'is_person', 'is_person', 'is_place', 'living_in', 'living_in_same_place', 'no_sisters', 'living_in', 'is_underage', 'is_underage', 'no_sisters', 'is_male', 'living_in', 'is_underage', 'is_underage', 'no_sons', 'no_sons', 'no_brothers', 'living_in_same_place', 'living_in', 'living_in_same_place', 'is_underage', 'is_underage', 'living_in_same_place', 'living_in_same_place', 'living_in_same_place']","(6, 7)",['living_in'],4
"[(0, 0), (1, 1), (2, 2), (3, 3), (4, 4), (5, 5), (6, 6), (7, 7), (2, 7), (2, 6), (3, 3), (0, 7), (4, 4), (0, 0), (4, 4), (1, 1), (1, 7), (6, 6), (2, 2), (6, 6), (0, 0), (5, 5), (1, 2), (5, 7), (0, 4), (5, 5), (3, 3), (4, 3), (0, 5), (5, 6)]","['is_person', 'is_person', 'is_person', 'is_person', 'is_person', 'is_person', 'is_person', 'is_place', 'living_in', 'living_in_same_place', 'no_sisters', 'living_in', 'is_underage', 'is_underage', 'no_sisters', 'is_male', 'living_in', 'is_underage', 'is_underage', 'no_sons', 'no_sons', 'no_brothers', 'living_in_same_place', 'living_in', 'living_in_same_place', 'is_underage', 'is_underage', 'living_in_same_place', 'living_in_same_place', 'living_in_same_place']","(1, 6)",['living_in_same_place'],4
"[(0, 0), (1, 1), (2, 2), (3, 3), (4, 4), (5, 5), (6, 6), (7, 7), (2, 7), (2, 6), (3, 3), (0, 7), (4, 4), (0, 0), (4, 4), (1, 1), (1, 7), (6, 6), (2, 2), (6, 6), (0, 0), (5, 5), (1, 2), (5, 7), (0, 4), (5, 5), (3, 3), (4, 3), (0, 5), (5, 6)]","['is_person', 'is_person', 'is_person', 'is_person', 'is_person', 'is_person', 'is_person', 'is_place', 'living_in', 'living_in_same_place', 'no_sisters', 'living_in', 'is_underage', 'is_underage', 'no_sisters', 'is_male', 'living_in', 'is_underage', 'is_underage', 'no_sons', 'no_sons', 'no_brothers', 'living_in_same_place', 'living_in', 'living_in_same_place', 'is_underage', 'is_underage', 'living_in_same_place', 'living_in_same_place', 'living_in_same_place']","(0, 6)",['living_in_same_place'],4
"[(0, 0), (1, 1), (2, 2), (3, 3), (4, 4), (5, 5), (6, 6), (7, 7), (2, 7), (2, 6), (3, 3), (0, 7), (4, 4), (0, 0), (4, 4), (1, 1), (1, 7), (6, 6), (2, 2), (6, 6), (0, 0), (5, 5), (1, 2), (5, 7), (0, 4), (5, 5), (3, 3), (4, 3), (0, 5), (5, 6)]","['is_person', 'is_person', 'is_person', 'is_person', 'is_person', 'is_person', 'is_person', 'is_place', 'living_in', 'living_in_same_place', 'no_sisters', 'living_in', 'is_underage', 'is_underage', 'no_sisters', 'is_male', 'living_in', 'is_underage', 'is_underage', 'no_sons', 'no_sons', 'no_brothers', 'living_in_same_place', 'living_in', 'living_in_same_place', 'is_underage', 'is_underage', 'living_in_same_place', 'living_in_same_place', 'living_in_same_place']","(1, 0)",['living_in_same_place'],4
"[(0, 0), (1, 1), (2, 2), (3, 3), (4, 4), (5, 5), (6, 6), (7, 7), (2, 7), (2, 6), (3, 3), (0, 7), (4, 4), (0, 0), (4, 4), (1, 1), (1, 7), (6, 6), (2, 2), (6, 6), (0, 0), (5, 5), (1, 2), (5, 7), (0, 4), (5, 5), (3, 3), (4, 3), (0, 5), (5, 6)]","['is_person', 'is_person', 'is_person', 'is_person', 'is_person', 'is_person', 'is_person', 'is_place', 'living_in', 'living_in_same_place', 'no_sisters', 'living_in', 'is_underage', 'is_underage', 'no_sisters', 'is_male', 'living_in', 'is_underage', 'is_underage', 'no_sons', 'no_sons', 'no_brothers', 'living_in_same_place', 'living_in', 'living_in_same_place', 'is_underage', 'is_underage', 'living_in_same_place', 'living_in_same_place', 'living_in_same_place']","(1, 3)",['living_in_same_place'],4
"[(0, 0), (1, 1), (2, 2), (3, 3), (4, 4), (5, 5), (6, 6), (7, 7), (2, 7), (2, 6), (3, 3), (0, 7), (4, 4), (0, 0), (4, 4), (1, 1), (1, 7), (6, 6), (2, 2), (6, 6), (0, 0), (5, 5), (1, 2), (5, 7), (0, 4), (5, 5), (3, 3), (4, 3), (0, 5), (5, 6)]","['is_person', 'is_person', 'is_person', 'is_person', 'is_person', 'is_person', 'is_person', 'is_place', 'living_in', 'living_in_same_place', 'no_sisters', 'living_in', 'is_underage', 'is_underage', 'no_sisters', 'is_male', 'living_in', 'is_underage', 'is_underage', 'no_sons', 'no_sons', 'no_brothers', 'living_in_same_place', 'living_in', 'living_in_same_place', 'is_underage', 'is_underage', 'living_in_same_place', 'living_in_same_place', 'living_in_same_place']","(6, 1)",['living_in_same_place'],4
"[(0, 0), (1, 1), (2, 2), (3, 3), (4, 4), (5, 5), (6, 6), (7, 7), (2, 7), (2, 6), (3, 3), (0, 7), (4, 4), (0, 0), (4, 4), (1, 1), (1, 7), (6, 6), (2, 2), (6, 6), (0, 0), (5, 5), (1, 2), (5, 7), (0, 4), (5, 5), (3, 3), (4, 3), (0, 5), (5, 6)]","['is_person', 'is_person', 'is_person', 'is_person', 'is_person', 'is_person', 'is_person', 'is_place', 'living_in', 'living_in_same_place', 'no_sisters', 'living_in', 'is_underage', 'is_underage', 'no_sisters', 'is_male', 'living_in', 'is_underage', 'is_underage', 'no_sons', 'no_sons', 'no_brothers', 'living_in_same_place', 'living_in', 'living_in_same_place', 'is_underage', 'is_underage', 'living_in_same_place', 'living_in_same_place', 'living_in_same_place']","(2, 0)",['living_in_same_place'],4
"[(0, 0), (1, 1), (2, 2), (3, 3), (4, 4), (5, 5), (6, 6), (7, 7), (2, 7), (2, 6), (3, 3), (0, 7), (4, 4), (0, 0), (4, 4), (1, 1), (1, 7), (6, 6), (2, 2), (6, 6), (0, 0), (5, 5), (1, 2), (5, 7), (0, 4), (5, 5), (3, 3), (4, 3), (0, 5), (5, 6)]","['is_person', 'is_person', 'is_person', 'is_person', 'is_person', 'is_person', 'is_person', 'is_place', 'living_in', 'living_in_same_place', 'no_sisters', 'living_in', 'is_underage', 'is_underage', 'no_sisters', 'is_male', 'living_in', 'is_underage', 'is_underage', 'no_sons', 'no_sons', 'no_brothers', 'living_in_same_place', 'living_in', 'living_in_same_place', 'is_underage', 'is_underage', 'living_in_same_place', 'living_in_same_place', 'living_in_same_place']","(4, 6)",['living_in_same_place'],4
"[(0, 0), (1, 1), (2, 2), (3, 3), (4, 4), (5, 5), (6, 6), (7, 7), (2, 7), (2, 6), (3, 3), (0, 7), (4, 4), (0, 0), (4, 4), (1, 1), (1, 7), (6, 6), (2, 2), (6, 6), (0, 0), (5, 5), (1, 2), (5, 7), (0, 4), (5, 5), (3, 3), (4, 3), (0, 5), (5, 6)]","['is_person', 'is_person', 'is_person', 'is_person', 'is_person', 'is_person', 'is_person', 'is_place', 'living_in', 'living_in_same_place', 'no_sisters', 'living_in', 'is_underage', 'is_underage', 'no_sisters', 'is_male', 'living_in', 'is_underage', 'is_underage', 'no_sons', 'no_sons', 'no_brothers', 'living_in_same_place', 'living_in', 'living_in_same_place', 'is_underage', 'is_underage', 'living_in_same_place', 'living_in_same_place', 'living_in_same_place']","(0, 1)",['living_in_same_place'],4
"[(0, 0), (1, 1), (2, 2), (3, 3), (4, 4), (5, 5), (6, 6), (7, 7), (2, 7), (2, 6), (3, 3), (0, 7), (4, 4), (0, 0), (4, 4), (1, 1), (1, 7), (6, 6), (2, 2), (6, 6), (0, 0), (5, 5), (1, 2), (5, 7), (0, 4), (5, 5), (3, 3), (4, 3), (0, 5), (5, 6)]","['is_person', 'is_person', 'is_person', 'is_person', 'is_person', 'is_person', 'is_person', 'is_place', 'living_in', 'living_in_same_place', 'no_sisters', 'living_in', 'is_underage', 'is_underage', 'no_sisters', 'is_male', 'living_in', 'is_underage', 'is_underage', 'no_sons', 'no_sons', 'no_brothers', 'living_in_same_place', 'living_in', 'living_in_same_place', 'is_underage', 'is_underage', 'living_in_same_place', 'living_in_same_place', 'living_in_same_place']","(2, 5)",['living_in_same_place'],4
"[(0, 0), (1, 1), (2, 2), (3, 3), (4, 4), (5, 5), (6, 6), (7, 7), (2, 7), (2, 6), (3, 3), (0, 7), (4, 4), (0, 0), (4, 4), (1, 1), (1, 7), (6, 6), (2, 2), (6, 6), (0, 0), (5, 5), (1, 2), (5, 7), (0, 4), (5, 5), (3, 3), (4, 3), (0, 5), (5, 6)]","['is_person', 'is_person', 'is_person', 'is_person', 'is_person', 'is_person', 'is_person', 'is_place', 'living_in', 'living_in_same_place', 'no_sisters', 'living_in', 'is_underage', 'is_underage', 'no_sisters', 'is_male', 'living_in', 'is_underage', 'is_underage', 'no_sons', 'no_sons', 'no_brothers', 'living_in_same_place', 'living_in', 'living_in_same_place', 'is_underage', 'is_underage', 'living_in_same_place', 'living_in_same_place', 'living_in_same_place']","(3, 1)",['living_in_same_place'],4
"[(0, 0), (1, 1), (2, 2), (3, 3), (4, 4), (5, 5), (6, 6), (7, 7), (2, 7), (2, 6), (3, 3), (0, 7), (4, 4), (0, 0), (4, 4), (1, 1), (1, 7), (6, 6), (2, 2), (6, 6), (0, 0), (5, 5), (1, 2), (5, 7), (0, 4), (5, 5), (3, 3), (4, 3), (0, 5), (5, 6)]","['is_person', 'is_person', 'is_person', 'is_person', 'is_person', 'is_person', 'is_person', 'is_place', 'living_in', 'living_in_same_place', 'no_sisters', 'living_in', 'is_underage', 'is_underage', 'no_sisters', 'is_male', 'living_in', 'is_underage', 'is_underage', 'no_sons', 'no_sons', 'no_brothers', 'living_in_same_place', 'living_in', 'living_in_same_place', 'is_underage', 'is_underage', 'living_in_same_place', 'living_in_same_place', 'living_in_same_place']","(0, 3)",['living_in_same_place'],4
"[(0, 0), (1, 1), (2, 2), (3, 3), (4, 4), (5, 5), (6, 6), (7, 7), (2, 7), (2, 6), (3, 3), (0, 7), (4, 4), (0, 0), (4, 4), (1, 1), (1, 7), (6, 6), (2, 2), (6, 6), (0, 0), (5, 5), (1, 2), (5, 7), (0, 4), (5, 5), (3, 3), (4, 3), (0, 5), (5, 6)]","['is_person', 'is_person', 'is_person', 'is_person', 'is_person', 'is_person', 'is_person', 'is_place', 'living_in', 'living_in_same_place', 'no_sisters', 'living_in', 'is_underage', 'is_underage', 'no_sisters', 'is_male', 'living_in', 'is_underage', 'is_underage', 'no_sons', 'no_sons', 'no_brothers', 'living_in_same_place', 'living_in', 'living_in_same_place', 'is_underage', 'is_underage', 'living_in_same_place', 'living_in_same_place', 'living_in_same_place']","(5, 4)",['living_in_same_place'],4
"[(0, 0), (1, 1), (2, 2), (3, 3), (4, 4), (5, 5), (6, 6), (7, 7), (2, 7), (2, 6), (3, 3), (0, 7), (4, 4), (0, 0), (4, 4), (1, 1), (1, 7), (6, 6), (2, 2), (6, 6), (0, 0), (5, 5), (1, 2), (5, 7), (0, 4), (5, 5), (3, 3), (4, 3), (0, 5), (5, 6)]","['is_person', 'is_person', 'is_person', 'is_person', 'is_person', 'is_person', 'is_person', 'is_place', 'living_in', 'living_in_same_place', 'no_sisters', 'living_in', 'is_underage', 'is_underage', 'no_sisters', 'is_male', 'living_in', 'is_underage', 'is_underage', 'no_sons', 'no_sons', 'no_brothers', 'living_in_same_place', 'living_in', 'living_in_same_place', 'is_underage', 'is_underage', 'living_in_same_place', 'living_in_same_place', 'living_in_same_place']","(2, 1)",['living_in_same_place'],4
"[(0, 0), (1, 1), (2, 2), (3, 3), (4, 4), (5, 5), (6, 6), (7, 7), (2, 7), (2, 6), (3, 3), (0, 7), (4, 4), (0, 0), (4, 4), (1, 1), (1, 7), (6, 6), (2, 2), (6, 6), (0, 0), (5, 5), (1, 2), (5, 7), (0, 4), (5, 5), (3, 3), (4, 3), (0, 5), (5, 6)]","['is_person', 'is_person', 'is_person', 'is_person', 'is_person', 'is_person', 'is_person', 'is_place', 'living_in', 'living_in_same_place', 'no_sisters', 'living_in', 'is_underage', 'is_underage', 'no_sisters', 'is_male', 'living_in', 'is_underage', 'is_underage', 'no_sons', 'no_sons', 'no_brothers', 'living_in_same_place', 'living_in', 'living_in_same_place', 'is_underage', 'is_underage', 'living_in_same_place', 'living_in_same_place', 'living_in_same_place']","(3, 0)",['living_in_same_place'],4
"[(0, 0), (1, 1), (2, 2), (3, 3), (4, 4), (5, 5), (6, 6), (7, 7), (2, 7), (2, 6), (3, 3), (0, 7), (4, 4), (0, 0), (4, 4), (1, 1), (1, 7), (6, 6), (2, 2), (6, 6), (0, 0), (5, 5), (1, 2), (5, 7), (0, 4), (5, 5), (3, 3), (4, 3), (0, 5), (5, 6)]","['is_person', 'is_person', 'is_person', 'is_person', 'is_person', 'is_person', 'is_person', 'is_place', 'living_in', 'living_in_same_place', 'no_sisters', 'living_in', 'is_underage', 'is_underage', 'no_sisters', 'is_male', 'living_in', 'is_underage', 'is_underage', 'no_sons', 'no_sons', 'no_brothers', 'living_in_same_place', 'living_in', 'living_in_same_place', 'is_underage', 'is_underage', 'living_in_same_place', 'living_in_same_place', 'living_in_same_place']","(6, 0)",['living_in_same_place'],4
"[(0, 0), (1, 1), (2, 2), (3, 3), (4, 4), (5, 5), (6, 6), (7, 7), (2, 7), (2, 6), (3, 3), (0, 7), (4, 4), (0, 0), (4, 4), (1, 1), (1, 7), (6, 6), (2, 2), (6, 6), (0, 0), (5, 5), (1, 2), (5, 7), (0, 4), (5, 5), (3, 3), (4, 3), (0, 5), (5, 6)]","['is_person', 'is_person', 'is_person', 'is_person', 'is_person', 'is_person', 'is_person', 'is_place', 'living_in', 'living_in_same_place', 'no_sisters', 'living_in', 'is_underage', 'is_underage', 'no_sisters', 'is_male', 'living_in', 'is_underage', 'is_underage', 'no_sons', 'no_sons', 'no_brothers', 'living_in_same_place', 'living_in', 'living_in_same_place', 'is_underage', 'is_underage', 'living_in_same_place', 'living_in_same_place', 'living_in_same_place']","(6, 4)",['living_in_same_place'],4
"[(0, 0), (1, 1), (2, 2), (3, 3), (4, 4), (5, 5), (6, 6), (7, 7), (2, 7), (2, 6), (3, 3), (0, 7), (4, 4), (0, 0), (4, 4), (1, 1), (1, 7), (6, 6), (2, 2), (6, 6), (0, 0), (5, 5), (1, 2), (5, 7), (0, 4), (5, 5), (3, 3), (4, 3), (0, 5), (5, 6)]","['is_person', 'is_person', 'is_person', 'is_person', 'is_person', 'is_person', 'is_person', 'is_place', 'living_in', 'living_in_same_place', 'no_sisters', 'living_in', 'is_underage', 'is_underage', 'no_sisters', 'is_male', 'living_in', 'is_underage', 'is_underage', 'no_sons', 'no_sons', 'no_brothers', 'living_in_same_place', 'living_in', 'living_in_same_place', 'is_underage', 'is_underage', 'living_in_same_place', 'living_in_same_place', 'living_in_same_place']","(3, 7)",['living_in'],4
"[(0, 0), (1, 1), (2, 2), (3, 3), (4, 4), (5, 5), (6, 6), (7, 7), (2, 7), (2, 6), (3, 3), (0, 7), (4, 4), (0, 0), (4, 4), (1, 1), (1, 7), (6, 6), (2, 2), (6, 6), (0, 0), (5, 5), (1, 2), (5, 7), (0, 4), (5, 5), (3, 3), (4, 3), (0, 5), (5, 6)]","['is_person', 'is_person', 'is_person', 'is_person', 'is_person', 'is_person', 'is_person', 'is_place', 'living_in', 'living_in_same_place', 'no_sisters', 'living_in', 'is_underage', 'is_underage', 'no_sisters', 'is_male', 'living_in', 'is_underage', 'is_underage', 'no_sons', 'no_sons', 'no_brothers', 'living_in_same_place', 'living_in', 'living_in_same_place', 'is_underage', 'is_underage', 'living_in_same_place', 'living_in_same_place', 'living_in_same_place']","(5, 1)",['living_in_same_place'],4
"[(0, 0), (1, 1), (2, 2), (3, 3), (4, 4), (5, 5), (6, 6), (7, 7), (2, 7), (2, 6), (3, 3), (0, 7), (4, 4), (0, 0), (4, 4), (1, 1), (1, 7), (6, 6), (2, 2), (6, 6), (0, 0), (5, 5), (1, 2), (5, 7), (0, 4), (5, 5), (3, 3), (4, 3), (0, 5), (5, 6)]","['is_person', 'is_person', 'is_person', 'is_person', 'is_person', 'is_person', 'is_person', 'is_place', 'living_in', 'living_in_same_place', 'no_sisters', 'living_in', 'is_underage', 'is_underage', 'no_sisters', 'is_male', 'living_in', 'is_underage', 'is_underage', 'no_sons', 'no_sons', 'no_brothers', 'living_in_same_place', 'living_in', 'living_in_same_place', 'is_underage', 'is_underage', 'living_in_same_place', 'living_in_same_place', 'living_in_same_place']","(4, 0)",['living_in_same_place'],4
"[(0, 0), (1, 1), (2, 2), (3, 3), (4, 4), (5, 5), (6, 6), (7, 7), (2, 7), (2, 6), (3, 3), (0, 7), (4, 4), (0, 0), (4, 4), (1, 1), (1, 7), (6, 6), (2, 2), (6, 6), (0, 0), (5, 5), (1, 2), (5, 7), (0, 4), (5, 5), (3, 3), (4, 3), (0, 5), (5, 6)]","['is_person', 'is_person', 'is_person', 'is_person', 'is_person', 'is_person', 'is_person', 'is_place', 'living_in', 'living_in_same_place', 'no_sisters', 'living_in', 'is_underage', 'is_underage', 'no_sisters', 'is_male', 'living_in', 'is_underage', 'is_underage', 'no_sons', 'no_sons', 'no_brothers', 'living_in_same_place', 'living_in', 'living_in_same_place', 'is_underage', 'is_underage', 'living_in_same_place', 'living_in_same_place', 'living_in_same_place']","(6, 5)",['living_in_same_place'],4
"[(0, 0), (1, 1), (2, 2), (3, 3), (4, 4), (5, 5), (6, 6), (7, 7), (2, 7), (2, 6), (3, 3), (0, 7), (4, 4), (0, 0), (4, 4), (1, 1), (1, 7), (6, 6), (2, 2), (6, 6), (0, 0), (5, 5), (1, 2), (5, 7), (0, 4), (5, 5), (3, 3), (4, 3), (0, 5), (5, 6)]","['is_person', 'is_person', 'is_person', 'is_person', 'is_person', 'is_person', 'is_person', 'is_place', 'living_in', 'living_in_same_place', 'no_sisters', 'living_in', 'is_underage', 'is_underage', 'no_sisters', 'is_male', 'living_in', 'is_underage', 'is_underage', 'no_sons', 'no_sons', 'no_brothers', 'living_in_same_place', 'living_in', 'living_in_same_place', 'is_underage', 'is_underage', 'living_in_same_place', 'living_in_same_place', 'living_in_same_place']","(3, 5)",['living_in_same_place'],4
"[(0, 0), (1, 1), (2, 2), (3, 3), (4, 4), (5, 5), (6, 6), (7, 7), (2, 7), (2, 6), (3, 3), (0, 7), (4, 4), (0, 0), (4, 4), (1, 1), (1, 7), (6, 6), (2, 2), (6, 6), (0, 0), (5, 5), (1, 2), (5, 7), (0, 4), (5, 5), (3, 3), (4, 3), (0, 5), (5, 6)]","['is_person', 'is_person', 'is_person', 'is_person', 'is_person', 'is_person', 'is_person', 'is_place', 'living_in', 'living_in_same_place', 'no_sisters', 'living_in', 'is_underage', 'is_underage', 'no_sisters', 'is_male', 'living_in', 'is_underage', 'is_underage', 'no_sons', 'no_sons', 'no_brothers', 'living_in_same_place', 'living_in', 'living_in_same_place', 'is_underage', 'is_underage', 'living_in_same_place', 'living_in_same_place', 'living_in_same_place']","(3, 4)",['living_in_same_place'],4
"[(0, 0), (1, 1), (2, 2), (3, 3), (4, 4), (5, 5), (6, 6), (7, 7), (2, 7), (2, 6), (3, 3), (0, 7), (4, 4), (0, 0), (4, 4), (1, 1), (1, 7), (6, 6), (2, 2), (6, 6), (0, 0), (5, 5), (1, 2), (5, 7), (0, 4), (5, 5), (3, 3), (4, 3), (0, 5), (5, 6)]","['is_person', 'is_person', 'is_person', 'is_person', 'is_person', 'is_person', 'is_person', 'is_place', 'living_in', 'living_in_same_place', 'no_sisters', 'living_in', 'is_underage', 'is_underage', 'no_sisters', 'is_male', 'living_in', 'is_underage', 'is_underage', 'no_sons', 'no_sons', 'no_brothers', 'living_in_same_place', 'living_in', 'living_in_same_place', 'is_underage', 'is_underage', 'living_in_same_place', 'living_in_same_place', 'living_in_same_place']","(6, 3)",['living_in_same_place'],4
"[(0, 0), (1, 1), (2, 2), (3, 3), (4, 4), (5, 5), (6, 6), (7, 7), (2, 7), (2, 6), (3, 3), (0, 7), (4, 4), (0, 0), (4, 4), (1, 1), (1, 7), (6, 6), (2, 2), (6, 6), (0, 0), (5, 5), (1, 2), (5, 7), (0, 4), (5, 5), (3, 3), (4, 3), (0, 5), (5, 6)]","['is_person', 'is_person', 'is_person', 'is_person', 'is_person', 'is_person', 'is_person', 'is_place', 'living_in', 'living_in_same_place', 'no_sisters', 'living_in', 'is_underage', 'is_underage', 'no_sisters', 'is_male', 'living_in', 'is_underage', 'is_underage', 'no_sons', 'no_sons', 'no_brothers', 'living_in_same_place', 'living_in', 'living_in_same_place', 'is_underage', 'is_underage', 'living_in_same_place', 'living_in_same_place', 'living_in_same_place']","(4, 2)",['living_in_same_place'],4
"[(0, 0), (1, 1), (2, 2), (3, 3), (4, 4), (5, 5), (6, 6), (7, 7), (2, 7), (2, 6), (3, 3), (0, 7), (4, 4), (0, 0), (4, 4), (1, 1), (1, 7), (6, 6), (2, 2), (6, 6), (0, 0), (5, 5), (1, 2), (5, 7), (0, 4), (5, 5), (3, 3), (4, 3), (0, 5), (5, 6)]","['is_person', 'is_person', 'is_person', 'is_person', 'is_person', 'is_person', 'is_person', 'is_place', 'living_in', 'living_in_same_place', 'no_sisters', 'living_in', 'is_underage', 'is_underage', 'no_sisters', 'is_male', 'living_in', 'is_underage', 'is_underage', 'no_sons', 'no_sons', 'no_brothers', 'living_in_same_place', 'living_in', 'living_in_same_place', 'is_underage', 'is_underage', 'living_in_same_place', 'living_in_same_place', 'living_in_same_place']","(2, 4)",['living_in_same_place'],4
"[(0, 0), (1, 1), (2, 2), (3, 3), (4, 4), (5, 5), (6, 6), (7, 7), (2, 7), (2, 6), (3, 3), (0, 7), (4, 4), (0, 0), (4, 4), (1, 1), (1, 7), (6, 6), (2, 2), (6, 6), (0, 0), (5, 5), (1, 2), (5, 7), (0, 4), (5, 5), (3, 3), (4, 3), (0, 5), (5, 6)]","['is_person', 'is_person', 'is_person', 'is_person', 'is_person', 'is_person', 'is_person', 'is_place', 'living_in', 'living_in_same_place', 'no_sisters', 'living_in', 'is_underage', 'is_underage', 'no_sisters', 'is_male', 'living_in', 'is_underage', 'is_underage', 'no_sons', 'no_sons', 'no_brothers', 'living_in_same_place', 'living_in', 'living_in_same_place', 'is_underage', 'is_underage', 'living_in_same_place', 'living_in_same_place', 'living_in_same_place']","(3, 6)",['living_in_same_place'],4
"[(0, 0), (1, 1), (2, 2), (3, 3), (4, 4), (5, 5), (6, 6), (7, 7), (2, 7), (2, 6), (3, 3), (0, 7), (4, 4), (0, 0), (4, 4), (1, 1), (1, 7), (6, 6), (2, 2), (6, 6), (0, 0), (5, 5), (1, 2), (5, 7), (0, 4), (5, 5), (3, 3), (4, 3), (0, 5), (5, 6)]","['is_person', 'is_person', 'is_person', 'is_person', 'is_person', 'is_person', 'is_person', 'is_place', 'living_in', 'living_in_same_place', 'no_sisters', 'living_in', 'is_underage', 'is_underage', 'no_sisters', 'is_male', 'living_in', 'is_underage', 'is_underage', 'no_sons', 'no_sons', 'no_brothers', 'living_in_same_place', 'living_in', 'living_in_same_place', 'is_underage', 'is_underage', 'living_in_same_place', 'living_in_same_place', 'living_in_same_place']","(4, 5)",['living_in_same_place'],4
"[(0, 0), (1, 1), (2, 2), (3, 3), (4, 4), (5, 5), (6, 6), (7, 7), (2, 7), (2, 6), (3, 3), (0, 7), (4, 4), (0, 0), (4, 4), (1, 1), (1, 7), (6, 6), (2, 2), (6, 6), (0, 0), (5, 5), (1, 2), (5, 7), (0, 4), (5, 5), (3, 3), (4, 3), (0, 5), (5, 6)]","['is_person', 'is_person', 'is_person', 'is_person', 'is_person', 'is_person', 'is_person', 'is_place', 'living_in', 'living_in_same_place', 'no_sisters', 'living_in', 'is_underage', 'is_underage', 'no_sisters', 'is_male', 'living_in', 'is_underage', 'is_underage', 'no_sons', 'no_sons', 'no_brothers', 'living_in_same_place', 'living_in', 'living_in_same_place', 'is_underage', 'is_underage', 'living_in_same_place', 'living_in_same_place', 'living_in_same_place']","(2, 3)",['living_in_same_place'],4
"[(0, 0), (1, 1), (2, 2), (3, 3), (4, 4), (5, 5), (6, 6), (7, 7), (2, 7), (2, 6), (3, 3), (0, 7), (4, 4), (0, 0), (4, 4), (1, 1), (1, 7), (6, 6), (2, 2), (6, 6), (0, 0), (5, 5), (1, 2), (5, 7), (0, 4), (5, 5), (3, 3), (4, 3), (0, 5), (5, 6)]","['is_person', 'is_person', 'is_person', 'is_person', 'is_person', 'is_person', 'is_person', 'is_place', 'living_in', 'living_in_same_place', 'no_sisters', 'living_in', 'is_underage', 'is_underage', 'no_sisters', 'is_male', 'living_in', 'is_underage', 'is_underage', 'no_sons', 'no_sons', 'no_brothers', 'living_in_same_place', 'living_in', 'living_in_same_place', 'is_underage', 'is_underage', 'living_in_same_place', 'living_in_same_place', 'living_in_same_place']","(5, 2)",['living_in_same_place'],4
"[(0, 0), (1, 1), (2, 2), (3, 3), (4, 4), (5, 5), (6, 6), (7, 7), (2, 7), (2, 6), (3, 3), (0, 7), (4, 4), (0, 0), (4, 4), (1, 1), (1, 7), (6, 6), (2, 2), (6, 6), (0, 0), (5, 5), (1, 2), (5, 7), (0, 4), (5, 5), (3, 3), (4, 3), (0, 5), (5, 6)]","['is_person', 'is_person', 'is_person', 'is_person', 'is_person', 'is_person', 'is_person', 'is_place', 'living_in', 'living_in_same_place', 'no_sisters', 'living_in', 'is_underage', 'is_underage', 'no_sisters', 'is_male', 'living_in', 'is_underage', 'is_underage', 'no_sons', 'no_sons', 'no_brothers', 'living_in_same_place', 'living_in', 'living_in_same_place', 'is_underage', 'is_underage', 'living_in_same_place', 'living_in_same_place', 'living_in_same_place']","(6, 2)",['living_in_same_place'],4
"[(0, 0), (1, 1), (2, 2), (3, 3), (4, 4), (5, 5), (6, 6), (7, 7), (2, 7), (2, 6), (3, 3), (0, 7), (4, 4), (0, 0), (4, 4), (1, 1), (1, 7), (6, 6), (2, 2), (6, 6), (0, 0), (5, 5), (1, 2), (5, 7), (0, 4), (5, 5), (3, 3), (4, 3), (0, 5), (5, 6)]","['is_person', 'is_person', 'is_person', 'is_person', 'is_person', 'is_person', 'is_person', 'is_place', 'living_in', 'living_in_same_place', 'no_sisters', 'living_in', 'is_underage', 'is_underage', 'no_sisters', 'is_male', 'living_in', 'is_underage', 'is_underage', 'no_sons', 'no_sons', 'no_brothers', 'living_in_same_place', 'living_in', 'living_in_same_place', 'is_underage', 'is_underage', 'living_in_same_place', 'living_in_same_place', 'living_in_same_place']","(4, 7)",['living_in'],4
"[(0, 0), (1, 1), (2, 2), (3, 3), (4, 4), (5, 5), (6, 6), (7, 7), (2, 7), (2, 6), (3, 3), (0, 7), (4, 4), (0, 0), (4, 4), (1, 1), (1, 7), (6, 6), (2, 2), (6, 6), (0, 0), (5, 5), (1, 2), (5, 7), (0, 4), (5, 5), (3, 3), (4, 3), (0, 5), (5, 6)]","['is_person', 'is_person', 'is_person', 'is_person', 'is_person', 'is_person', 'is_person', 'is_place', 'living_in', 'living_in_same_place', 'no_sisters', 'living_in', 'is_underage', 'is_underage', 'no_sisters', 'is_male', 'living_in', 'is_underage', 'is_underage', 'no_sons', 'no_sons', 'no_brothers', 'living_in_same_place', 'living_in', 'living_in_same_place', 'is_underage', 'is_underage', 'living_in_same_place', 'living_in_same_place', 'living_in_same_place']","(3, 2)",['living_in_same_place'],4
"[(0, 0), (1, 1), (2, 2), (3, 3), (4, 4), (5, 5), (6, 6), (7, 7), (2, 7), (2, 6), (3, 3), (0, 7), (4, 4), (0, 0), (4, 4), (1, 1), (1, 7), (6, 6), (2, 2), (6, 6), (0, 0), (5, 5), (1, 2), (5, 7), (0, 4), (5, 5), (3, 3), (4, 3), (0, 5), (5, 6)]","['is_person', 'is_person', 'is_person', 'is_person', 'is_person', 'is_person', 'is_person', 'is_place', 'living_in', 'living_in_same_place', 'no_sisters', 'living_in', 'is_underage', 'is_underage', 'no_sisters', 'is_male', 'living_in', 'is_underage', 'is_underage', 'no_sons', 'no_sons', 'no_brothers', 'living_in_same_place', 'living_in', 'living_in_same_place', 'is_underage', 'is_underage', 'living_in_same_place', 'living_in_same_place', 'living_in_same_place']","(0, 2)",['living_in_same_place'],4
"[(0, 0), (1, 1), (2, 2), (3, 3), (4, 4), (5, 5), (6, 6), (7, 7), (2, 7), (2, 6), (3, 3), (0, 7), (4, 4), (0, 0), (4, 4), (1, 1), (1, 7), (6, 6), (2, 2), (6, 6), (0, 0), (5, 5), (1, 2), (5, 7), (0, 4), (5, 5), (3, 3), (4, 3), (0, 5), (5, 6)]","['is_person', 'is_person', 'is_person', 'is_person', 'is_person', 'is_person', 'is_person', 'is_place', 'living_in', 'living_in_same_place', 'no_sisters', 'living_in', 'is_underage', 'is_underage', 'no_sisters', 'is_male', 'living_in', 'is_underage', 'is_underage', 'no_sons', 'no_sons', 'no_brothers', 'living_in_same_place', 'living_in', 'living_in_same_place', 'is_underage', 'is_underage', 'living_in_same_place', 'living_in_same_place', 'living_in_same_place']","(5, 3)",['living_in_same_place'],4
"[(0, 0), (1, 1), (2, 2), (3, 3), (4, 4), (5, 5), (6, 6), (7, 7), (2, 7), (2, 6), (3, 3), (0, 7), (4, 4), (0, 0), (4, 4), (1, 1), (1, 7), (6, 6), (2, 2), (6, 6), (0, 0), (5, 5), (1, 2), (5, 7), (0, 4), (5, 5), (3, 3), (4, 3), (0, 5), (5, 6)]","['is_person', 'is_person', 'is_person', 'is_person', 'is_person', 'is_person', 'is_person', 'is_place', 'living_in', 'living_in_same_place', 'no_sisters', 'living_in', 'is_underage', 'is_underage', 'no_sisters', 'is_male', 'living_in', 'is_underage', 'is_underage', 'no_sons', 'no_sons', 'no_brothers', 'living_in_same_place', 'living_in', 'living_in_same_place', 'is_underage', 'is_underage', 'living_in_same_place', 'living_in_same_place', 'living_in_same_place']","(5, 0)",['living_in_same_place'],4
"[(0, 0), (1, 1), (2, 2), (3, 3), (4, 4), (5, 5), (6, 6), (7, 7), (2, 7), (2, 6), (3, 3), (0, 7), (4, 4), (0, 0), (4, 4), (1, 1), (1, 7), (6, 6), (2, 2), (6, 6), (0, 0), (5, 5), (1, 2), (5, 7), (0, 4), (5, 5), (3, 3), (4, 3), (0, 5), (5, 6)]","['is_person', 'is_person', 'is_person', 'is_person', 'is_person', 'is_person', 'is_person', 'is_place', 'living_in', 'living_in_same_place', 'no_sisters', 'living_in', 'is_underage', 'is_underage', 'no_sisters', 'is_male', 'living_in', 'is_underage', 'is_underage', 'no_sons', 'no_sons', 'no_brothers', 'living_in_same_place', 'living_in', 'living_in_same_place', 'is_underage', 'is_underage', 'living_in_same_place', 'living_in_same_place', 'living_in_same_place']","(4, 1)",['living_in_same_place'],4
"[(0, 0), (1, 1), (2, 2), (3, 3), (4, 4), (5, 5), (6, 6), (7, 7), (2, 7), (2, 6), (3, 3), (0, 7), (4, 4), (0, 0), (4, 4), (1, 1), (1, 7), (6, 6), (2, 2), (6, 6), (0, 0), (5, 5), (1, 2), (5, 7), (0, 4), (5, 5), (3, 3), (4, 3), (0, 5), (5, 6)]","['is_person', 'is_person', 'is_person', 'is_person', 'is_person', 'is_person', 'is_person', 'is_place', 'living_in', 'living_in_same_place', 'no_sisters', 'living_in', 'is_underage', 'is_underage', 'no_sisters', 'is_male', 'living_in', 'is_underage', 'is_underage', 'no_sons', 'no_sons', 'no_brothers', 'living_in_same_place', 'living_in', 'living_in_same_place', 'is_underage', 'is_underage', 'living_in_same_place', 'living_in_same_place', 'living_in_same_place']","(1, 4)",['living_in_same_place'],4
"[(0, 0), (1, 1), (2, 2), (3, 3), (4, 4), (5, 5), (6, 6), (3, 6), (5, 4), (2, 2), (6, 5), (4, 6), (1, 1), (0, 6), (5, 6), (0, 3), (1, 6), (1, 1), (2, 6), (4, 4), (1, 3), (0, 0), (3, 3), (3, 3), (5, 5)]","['is_person', 'is_person', 'is_person', 'is_person', 'is_person', 'is_person', 'is_place', 'living_in', 'living_in_same_place', 'is_male', 'maternal_grandfather_of', 'living_in', 'no_brothers', 'living_in', 'living_in', 'aunt_or_uncle_of', 'living_in', 'is_underage', 'living_in', 'no_brothers', 'paternal_grandfather_of', 'is_underage', 'is_underage', 'is_male', 'no_daughters']","(3, 0)","['nibling_of', 'nephew_of']",5
"[(0, 0), (1, 1), (2, 2), (3, 3), (4, 4), (5, 5), (6, 6), (3, 6), (5, 4), (2, 2), (6, 5), (4, 6), (1, 1), (0, 6), (5, 6), (0, 3), (1, 6), (1, 1), (2, 6), (4, 4), (1, 3), (0, 0), (3, 3), (3, 3), (5, 5)]","['is_person', 'is_person', 'is_person', 'is_person', 'is_person', 'is_person', 'is_place', 'living_in', 'living_in_same_place', 'is_male', 'maternal_grandfather_of', 'living_in', 'no_brothers', 'living_in', 'living_in', 'aunt_or_uncle_of', 'living_in', 'is_underage', 'living_in', 'no_brothers', 'paternal_grandfather_of', 'is_underage', 'is_underage', 'is_male', 'no_daughters']","(4, 5)",['living_in_same_place'],5
"[(0, 0), (1, 1), (2, 2), (3, 3), (4, 4), (5, 5), (6, 6), (7, 7), (5, 5), (4, 6), (2, 2), (4, 4), (0, 0), (6, 6), (3, 3), (3, 1), (5, 5), (3, 3), (1, 1), (1, 1), (0, 7), (6, 7), (2, 7), (2, 2), (4, 4), (6, 6), (4, 7), (1, 1), (6, 6), (1, 7), (3, 7)]","['is_person', 'is_person', 'is_person', 'is_person', 'is_person', 'is_person', 'is_person', 'is_place', 'no_brothers', 'living_in_same_place', 'no_sisters', 'is_female', 'is_female', 'is_underage', 'is_female', 'living_in_same_place', 'no_sons', 'is_underage', 'is_underage', 'is_female', 'living_in', 'living_in', 'living_in', 'is_female', 'is_underage', 'no_brothers', 'living_in', 'no_sisters', 'is_female', 'living_in', 'living_in']","(1, 3)",['living_in_same_place'],6
"[(0, 0), (1, 1), (2, 2), (3, 3), (4, 4), (5, 5), (6, 6), (7, 7), (5, 5), (4, 6), (2, 2), (4, 4), (0, 0), (6, 6), (3, 3), (3, 1), (5, 5), (3, 3), (1, 1), (1, 1), (0, 7), (6, 7), (2, 7), (2, 2), (4, 4), (6, 6), (4, 7), (1, 1), (6, 6), (1, 7), (3, 7)]","['is_person', 'is_person', 'is_person', 'is_person', 'is_person', 'is_person', 'is_person', 'is_place', 'no_brothers', 'living_in_same_place', 'no_sisters', 'is_female', 'is_female', 'is_underage', 'is_female', 'living_in_same_place', 'no_sons', 'is_underage', 'is_underage', 'is_female', 'living_in', 'living_in', 'living_in', 'is_female', 'is_underage', 'no_brothers', 'living_in', 'no_sisters', 'is_female', 'living_in', 'living_in']","(6, 4)",['living_in_same_place'],6
"[(0, 0), (1, 1), (2, 2), (3, 3), (4, 4), (5, 5), (6, 6), (7, 7), (5, 2), (5, 7), (4, 4), (6, 6), (3, 5), (3, 3), (4, 7), (5, 0), (0, 0), (6, 7), (3, 7), (1, 1), (3, 6), (3, 3), (6, 6), (4, 3), (3, 3), (0, 7), (2, 7), (4, 4)]","['is_person', 'is_person', 'is_person', 'is_person', 'is_person', 'is_person', 'is_person', 'is_place', 'living_in_same_place', 'living_in', 'is_underage', 'is_underage', 'daughter_in_law_of', 'no_sisters', 'living_in', 'living_in_same_place', 'is_male', 'living_in', 'living_in', 'is_male', 'living_in_same_place', 'is_underage', 'is_male', 'living_in_same_place', 'no_brothers', 'living_in', 'living_in', 'no_brothers']","(6, 3)",['living_in_same_place'],7
"[(0, 0), (1, 1), (2, 2), (3, 3), (4, 4), (5, 5), (6, 6), (7, 7), (5, 2), (5, 7), (4, 4), (6, 6), (3, 5), (3, 3), (4, 7), (5, 0), (0, 0), (6, 7), (3, 7), (1, 1), (3, 6), (3, 3), (6, 6), (4, 3), (3, 3), (0, 7), (2, 7), (4, 4)]","['is_person', 'is_person', 'is_person', 'is_person', 'is_person', 'is_person', 'is_person', 'is_place', 'living_in_same_place', 'living_in', 'is_underage', 'is_underage', 'daughter_in_law_of', 'no_sisters', 'living_in', 'living_in_same_place', 'is_male', 'living_in', 'living_in', 'is_male', 'living_in_same_place', 'is_underage', 'is_male', 'living_in_same_place', 'no_brothers', 'living_in', 'living_in', 'no_brothers']","(0, 5)",['living_in_same_place'],7
"[(0, 0), (1, 1), (2, 2), (3, 3), (4, 4), (5, 5), (6, 6), (7, 7), (5, 2), (5, 7), (4, 4), (6, 6), (3, 5), (3, 3), (4, 7), (5, 0), (0, 0), (6, 7), (3, 7), (1, 1), (3, 6), (3, 3), (6, 6), (4, 3), (3, 3), (0, 7), (2, 7), (4, 4)]","['is_person', 'is_person', 'is_person', 'is_person', 'is_person', 'is_person', 'is_person', 'is_place', 'living_in_same_place', 'living_in', 'is_underage', 'is_underage', 'daughter_in_law_of', 'no_sisters', 'living_in', 'living_in_same_place', 'is_male', 'living_in', 'living_in', 'is_male', 'living_in_same_place', 'is_underage', 'is_male', 'living_in_same_place', 'no_brothers', 'living_in', 'living_in', 'no_brothers']","(0, 2)",['living_in_same_place'],7
"[(0, 0), (1, 1), (2, 2), (3, 3), (4, 4), (5, 5), (6, 6), (7, 7), (5, 2), (5, 7), (4, 4), (6, 6), (3, 5), (3, 3), (4, 7), (5, 0), (0, 0), (6, 7), (3, 7), (1, 1), (3, 6), (3, 3), (6, 6), (4, 3), (3, 3), (0, 7), (2, 7), (4, 4)]","['is_person', 'is_person', 'is_person', 'is_person', 'is_person', 'is_person', 'is_person', 'is_place', 'living_in_same_place', 'living_in', 'is_underage', 'is_underage', 'daughter_in_law_of', 'no_sisters', 'living_in', 'living_in_same_place', 'is_male', 'living_in', 'living_in', 'is_male', 'living_in_same_place', 'is_underage', 'is_male', 'living_in_same_place', 'no_brothers', 'living_in', 'living_in', 'no_brothers']","(5, 3)",['parent_in_law_of'],7
"[(0, 0), (1, 1), (2, 2), (3, 3), (4, 4), (5, 5), (6, 6), (7, 7), (5, 2), (5, 7), (4, 4), (6, 6), (3, 5), (3, 3), (4, 7), (5, 0), (0, 0), (6, 7), (3, 7), (1, 1), (3, 6), (3, 3), (6, 6), (4, 3), (3, 3), (0, 7), (2, 7), (4, 4)]","['is_person', 'is_person', 'is_person', 'is_person', 'is_person', 'is_person', 'is_person', 'is_place', 'living_in_same_place', 'living_in', 'is_underage', 'is_underage', 'daughter_in_law_of', 'no_sisters', 'living_in', 'living_in_same_place', 'is_male', 'living_in', 'living_in', 'is_male', 'living_in_same_place', 'is_underage', 'is_male', 'living_in_same_place', 'no_brothers', 'living_in', 'living_in', 'no_brothers']","(3, 3)","['no_sisters', 'is_underage', 'no_brothers', 'is_female', 'no_siblings']",7
"[(0, 0), (1, 1), (2, 2), (3, 3), (4, 4), (5, 5), (6, 6), (7, 7), (5, 2), (5, 7), (4, 4), (6, 6), (3, 5), (3, 3), (4, 7), (5, 0), (0, 0), (6, 7), (3, 7), (1, 1), (3, 6), (3, 3), (6, 6), (4, 3), (3, 3), (0, 7), (2, 7), (4, 4)]","['is_person', 'is_person', 'is_person', 'is_person', 'is_person', 'is_person', 'is_person', 'is_place', 'living_in_same_place', 'living_in', 'is_underage', 'is_underage', 'daughter_in_law_of', 'no_sisters', 'living_in', 'living_in_same_place', 'is_male', 'living_in', 'living_in', 'is_male', 'living_in_same_place', 'is_underage', 'is_male', 'living_in_same_place', 'no_brothers', 'living_in', 'living_in', 'no_brothers']","(4, 6)",['living_in_same_place'],7
"[(0, 0), (1, 1), (2, 2), (3, 3), (4, 4), (5, 5), (6, 6), (7, 7), (5, 2), (5, 7), (4, 4), (6, 6), (3, 5), (3, 3), (4, 7), (5, 0), (0, 0), (6, 7), (3, 7), (1, 1), (3, 6), (3, 3), (6, 6), (4, 3), (3, 3), (0, 7), (2, 7), (4, 4)]","['is_person', 'is_person', 'is_person', 'is_person', 'is_person', 'is_person', 'is_person', 'is_place', 'living_in_same_place', 'living_in', 'is_underage', 'is_underage', 'daughter_in_law_of', 'no_sisters', 'living_in', 'living_in_same_place', 'is_male', 'living_in', 'living_in', 'is_male', 'living_in_same_place', 'is_underage', 'is_male', 'living_in_same_place', 'no_brothers', 'living_in', 'living_in', 'no_brothers']","(2, 0)",['living_in_same_place'],7
"[(0, 0), (1, 1), (2, 2), (3, 3), (4, 4), (5, 5), (6, 6), (7, 7), (5, 2), (5, 7), (4, 4), (6, 6), (3, 5), (3, 3), (4, 7), (5, 0), (0, 0), (6, 7), (3, 7), (1, 1), (3, 6), (3, 3), (6, 6), (4, 3), (3, 3), (0, 7), (2, 7), (4, 4)]","['is_person', 'is_person', 'is_person', 'is_person', 'is_person', 'is_person', 'is_person', 'is_place', 'living_in_same_place', 'living_in', 'is_underage', 'is_underage', 'daughter_in_law_of', 'no_sisters', 'living_in', 'living_in_same_place', 'is_male', 'living_in', 'living_in', 'is_male', 'living_in_same_place', 'is_underage', 'is_male', 'living_in_same_place', 'no_brothers', 'living_in', 'living_in', 'no_brothers']","(6, 4)",['living_in_same_place'],7
"[(0, 0), (1, 1), (2, 2), (3, 3), (4, 4), (5, 5), (6, 6), (7, 7), (5, 2), (5, 7), (4, 4), (6, 6), (3, 5), (3, 3), (4, 7), (5, 0), (0, 0), (6, 7), (3, 7), (1, 1), (3, 6), (3, 3), (6, 6), (4, 3), (3, 3), (0, 7), (2, 7), (4, 4)]","['is_person', 'is_person', 'is_person', 'is_person', 'is_person', 'is_person', 'is_person', 'is_place', 'living_in_same_place', 'living_in', 'is_underage', 'is_underage', 'daughter_in_law_of', 'no_sisters', 'living_in', 'living_in_same_place', 'is_male', 'living_in', 'living_in', 'is_male', 'living_in_same_place', 'is_underage', 'is_male', 'living_in_same_place', 'no_brothers', 'living_in', 'living_in', 'no_brothers']","(2, 5)",['living_in_same_place'],7
"[(0, 0), (1, 1), (2, 2), (3, 3), (4, 4), (5, 5), (6, 6), (7, 7), (5, 2), (5, 7), (4, 4), (6, 6), (3, 5), (3, 3), (4, 7), (5, 0), (0, 0), (6, 7), (3, 7), (1, 1), (3, 6), (3, 3), (6, 6), (4, 3), (3, 3), (0, 7), (2, 7), (4, 4)]","['is_person', 'is_person', 'is_person', 'is_person', 'is_person', 'is_person', 'is_person', 'is_place', 'living_in_same_place', 'living_in', 'is_underage', 'is_underage', 'daughter_in_law_of', 'no_sisters', 'living_in', 'living_in_same_place', 'is_male', 'living_in', 'living_in', 'is_male', 'living_in_same_place', 'is_underage', 'is_male', 'living_in_same_place', 'no_brothers', 'living_in', 'living_in', 'no_brothers']","(3, 4)",['living_in_same_place'],7
"[(0, 0), (1, 1), (2, 2), (3, 3), (4, 4), (5, 5), (6, 6), (7, 7), (5, 2), (5, 7), (4, 4), (6, 6), (3, 5), (3, 3), (4, 7), (5, 0), (0, 0), (6, 7), (3, 7), (1, 1), (3, 6), (3, 3), (6, 6), (4, 3), (3, 3), (0, 7), (2, 7), (4, 4)]","['is_person', 'is_person', 'is_person', 'is_person', 'is_person', 'is_person', 'is_person', 'is_place', 'living_in_same_place', 'living_in', 'is_underage', 'is_underage', 'daughter_in_law_of', 'no_sisters', 'living_in', 'living_in_same_place', 'is_male', 'living_in', 'living_in', 'is_male', 'living_in_same_place', 'is_underage', 'is_male', 'living_in_same_place', 'no_brothers', 'living_in', 'living_in', 'no_brothers']","(3, 5)","['daughter_in_law_of', 'child_in_law_of']",7
